{ "results": [
	{
        "appIdentifier": "sremind.torymo.by",
        "appName": "Series Reminder",
        "appVersion": "1.0",
        "channels": [
            ""
        ],
        "createdAt": "2014-11-18T08:21:44.908Z",
        "deviceToken": "APA91bG17F7xYTtnn5RRdFRJuIq8-lW02klOD5RTDm0lxuIVx54bZJfMJ6hKuvk8wEboEKG2vJRAaXd6k7aAJ6C_6QusCK7KpxsdHYPkpEIZD0a5SKqV2svrR8JNkfKbLuZJbk6OyF4Mi4atFHz_I4pQ89HIXuIZLQ",
        "deviceTokenLastModified": 1416564975000,
        "deviceType": "android",
        "installationId": "c1b12fd5-cbcd-44e3-ac5a-a351897a9d7f",
        "objectId": "hR0ihOQZOe",
        "parseVersion": "1.7.1",
        "pushType": "gcm",
        "timeZone": "Europe/Minsk",
        "updatedAt": "2014-11-21T09:16:33.862Z"
    }
] }