{ "results": [
	{
        "ACL": {
            "*": {
                "read": true
            }
        },
        "Name": "Doctor Who",
        "createdAt": "2014-11-12T11:59:35.796Z",
        "imdbId": "tt0436992",
        "objectId": "kgve3xXAay",
        "seasonsCnt": 8,
        "updatedAt": "2014-11-12T12:01:16.496Z"
    },
	{
        "ACL": {
            "*": {
                "read": true
            }
        },
        "Name": "The Legend of Korra",
        "createdAt": "2014-11-12T12:01:35.005Z",
        "imdbId": "tt1695360",
        "objectId": "MPyClYoPLp",
        "seasonsCnt": 4,
        "updatedAt": "2014-11-12T13:40:42.675Z"
    },
	{
        "ACL": {
            "*": {
                "read": true
            }
        },
        "Name": "Bones",
        "createdAt": "2014-11-19T11:52:45.811Z",
        "imdbId": "tt0460627",
        "objectId": "CK0VOKZvSH",
        "seasonsCnt": 10,
        "updatedAt": "2014-11-19T11:53:21.244Z"
    },
	{
        "ACL": {
            "*": {
                "read": true
            }
        },
        "Name": "Agents of S.H.I.E.L.D.",
        "createdAt": "2014-11-19T11:51:52.454Z",
        "imdbId": "tt2364582",
        "objectId": "yRsJU2OcgG",
        "seasonsCnt": 2,
        "updatedAt": "2014-11-19T11:53:25.022Z"
    },
	{
        "ACL": {
            "*": {
                "read": true
            }
        },
        "Name": "Grimm",
        "createdAt": "2014-11-19T11:51:00.268Z",
        "imdbId": "tt1830617",
        "objectId": "Ux0ptpab0P",
        "seasonsCnt": 4,
        "updatedAt": "2014-11-20T09:08:08.048Z"
    },
	{
        "ACL": {
            "*": {
                "read": true
            }
        },
        "Name": "Once Upon a Time",
        "createdAt": "2014-11-19T11:50:07.541Z",
        "imdbId": "tt1843230",
        "objectId": "DaEv9uTxob",
        "seasonsCnt": 4,
        "updatedAt": "2014-11-19T11:53:31.481Z"
    },
	{
        "ACL": {
            "*": {
                "read": true
            }
        },
        "Name": "The Big Bang Theory",
        "createdAt": "2014-11-19T11:47:43.007Z",
        "imdbId": "tt0898266",
        "objectId": "3J5Rsfbsj6",
        "seasonsCnt": 8,
        "updatedAt": "2014-11-19T11:53:34.006Z"
    },
	{
        "ACL": {
            "*": {
                "read": true
            }
        },
        "Name": "Haven",
        "createdAt": "2014-11-19T13:54:08.815Z",
        "imdbId": "tt1519931",
        "objectId": "OVtxnw1tRB",
        "seasonsCnt": 5,
        "updatedAt": "2014-11-19T13:54:41.469Z"
    },
	{
        "ACL": {
            "*": {
                "read": true
            }
        },
        "Name": "Elementary",
        "createdAt": "2014-11-19T13:47:39.413Z",
        "imdbId": "tt2191671",
        "objectId": "dOsJLPuRnj",
        "seasonsCnt": 3,
        "updatedAt": "2014-11-19T13:54:44.485Z"
    },
	{
        "ACL": {
            "*": {
                "read": true
            }
        },
        "Name": "Orange Is the New Black",
        "createdAt": "2014-11-19T12:17:36.563Z",
        "imdbId": "tt2372162",
        "objectId": "XLgfzSUcJm",
        "seasonsCnt": 2,
        "updatedAt": "2014-11-19T13:54:51.947Z"
    }
] }